SL:1	Alaska Airlines	Josephine	Darakjy	4 B Blue Ridge Blvd	Brighton	Livingston	MI	48116	810-292-9388	810-374-9840	josephine_darakjy@darakjy.org	YES
SL:2	Alaska Airlines	Tammara	Wardrip	4800 Black Horse Pike	Burlingame	San Mateo	CA	94010	650-803-1936	650-216-5075	twardrip@cox.net	YES
SL:3	Alaska Airlines	Tyra	Shields	3 Fort Worth Ave	Philadelphia	Philadelphia	PA	19106	215-255-1641	215-228-8264	tshields@gmail.com	YES
SL:4	Alaska Airlines	Danica	Bruschke	840 15th Ave	Waco	McLennan	TX	76708	254-782-8569	254-205-1422	danica_bruschke@gmail.com	YES
SL:5	Alaska Airlines	James	Butt	6649 N Blue Gum St	New Orleans	Orleans	LA	70116	504-621-8927	504-845-1427	jbutt@gmail.com	YES
SL:6	Alaska Airlines	Stephen	Emigh	3777 E Richmond St #900	Akron	Summit	OH	44302	330-537-5358	330-700-2312	stephen_emigh@hotmail.com	YES
SL:7	Alaska Airlines	Elvera	Benimadho	99385 Charity St #840	San Jose	Santa Clara	CA	95110	408-703-8505	408-440-8447	elvera.benimadho@cox.net	YES
SL:8	Alaska Airlines	Wilda	Giguere	1747 Calle Amanecer #2	Anchorage	Anchorage	AK	99501	907-870-5536	907-914-9482	wilda@cox.net	YES
SL:9	Alaska Airlines	Carma	Vanheusen	68556 Central Hwy	San Leandro	Alameda	CA	94577	510-503-7169	510-452-4835	carma@cox.net	YES
SL:10	Alaska Airlines	Cory	Gibes	83649 W Belmont Ave	San Gabriel	Los Angeles	CA	91776	626-572-1096	626-696-2777	cory.gibes@gmail.com	YES
SL:11	Alaska Airlines	Art	Venere	8 W Cerritos Ave #54	Bridgeport	Gloucester	NJ	8014	856-636-8749	856-264-4130	art@venere.org	YES
SL:12	Alaska Airlines	Lenna	Paprocki	639 Main St	Anchorage	Anchorage	AK	99501	907-385-4412	907-921-2010	lpaprocki@hotmail.com	YES
SL:13	American Airlines	Donette	Foller	34 Center St	Hamilton	Butler	OH	45011	513-570-1893	513-549-4561	donette.foller@cox.net	YES
SL:14	American Airlines	Simona	Morasca	3 Mcauley Dr	Ashland	Ashland	OH	44805	419-503-2484	419-800-6759	simona@morasca.com	YES
SL:15	American Airlines	Mitsue	Tollner	7 Eads St	Chicago	Cook	IL	60632	773-573-6914	773-924-8565	mitsue_tollner@yahoo.com	YES
SL:16	American Airlines	Leota	Dilliard	7 W Jackson Blvd	San Jose	Santa Clara	CA	95111	408-752-3500	408-813-1105	leota@hotmail.com	YES
SL:17	American Airlines	Sage	Wieser	5 Boston Ave #88	Sioux Falls	Minnehaha	SD	57105	605-414-2147	605-794-4895	sage_wieser@cox.net	YES
SL:18	American Airlines	Kris	Marrier	228 Runamuck Pl #2808	Baltimore	Baltimore City	MD	21224	410-655-8723	410-804-4694	kris@gmail.com	YES
SL:19	American Airlines	Minna	Amigon	2371 Jerrold Ave	Kulpsville	Montgomery	PA	19443	215-874-1229	215-422-8694	minna_amigon@yahoo.com	YES
SL:20	American Airlines	Abel	Maclead	37275 St  Rt 17m M	Middle Island	Suffolk	NY	11953	631-335-3414	631-677-3675	amaclead@gmail.com	YES
SL:21	American Airlines	Kiley	Caldarera	25 E 75th St #69	Los Angeles	Los Angeles	CA	90034	310-498-5651	310-254-3084	kiley.caldarera@aol.com	YES
SL:22	American Airlines	Graciela	Ruta	98 Connecticut Ave Nw	Chagrin Falls	Geauga	OH	44023	440-780-8425	440-579-7763	gruta@cox.net	YES
SL:23	American Airlines	Cammy	Albares	56 E Morehead St	Laredo	Webb	TX	78045	956-537-6195	956-841-7216	calbares@gmail.com	YES
SL:24	American Airlines	Mattie	Poquette	73 State Road 434 E	Phoenix	Maricopa	AZ	85013	602-277-4385	602-953-6360	mattie@aol.com	YES
SL:25	American Airlines	Meaghan	Garufi	69734 E Carrillo St	Mc Minnville	Warren	TN	37110	931-313-9635	931-235-7959	meaghan@hotmail.com	YES
SL:26	American Airlines	Gladys	Rim	322 New Horizon Blvd	Milwaukee	Milwaukee	WI	53207	414-661-9598	414-377-2880	gladys.rim@rim.org	YES
SL:27	Turkish Airlines	Yuki	Whobrey	1 State Route 27	Taylor	Wayne	MI	48180	313-288-7937	313-341-4470	yuki_whobrey@aol.com	YES
SL:28	Turkish Airlines	Fletcher	Flosi	394 Manchester Blvd	Rockford	Winnebago	IL	61109	815-828-2147	815-426-5657	fletcher.flosi@yahoo.com	YES
SL:29	Turkish Airlines	Bette	Nicka	6 S 33rd St	Aston	Delaware	PA	19014	610-545-3615	610-492-4643	bette_nicka@cox.net	YES
SL:30	Turkish Airlines	Veronika	Inouye	6 Greenleaf Ave	San Jose	Santa Clara	CA	95111	408-540-1785	408-813-4592	vinouye@aol.com	YES
SL:31	Turkish Airlines	Willard	Kolmetz	618 W Yakima Ave	Irving	Dallas	TX	75062	972-303-9197	972-896-4882	willard@hotmail.com	YES
SL:32	Turkish Airlines	Maryann	Royster	74 S Westgate St	Albany	Albany	NY	12204	518-966-7987	518-448-8982	mroyster@royster.com	YES
SL:33	Turkish Airlines	Alisha	Slusarski	3273 State St	Middlesex	Middlesex	NJ	8846	732-658-3154	732-635-3453	alisha@slusarski.com	YES
SL:34	Turkish Airlines	Allene	Iturbide	1 Central Ave	Stevens Point	Portage	WI	54481	715-662-6764	715-530-9863	allene_iturbide@cox.net	YES
SL:35	Turkish Airlines	Chanel	Caudy	86 Nw 66th St #8673	Shawnee	Johnson	KS	66218	913-388-2079	913-899-1103	chanel.caudy@caudy.org	YES
SL:36	Delta Airlines	Ezekiel	Chui	2 Cedar Ave #84	Easton	Talbot	MD	21601	410-669-1642	410-235-8738	ezekiel@chui.com	YES
SL:37	Delta Airlines	Willow	Kusko	90991 Thorburn Ave	New York	New York	NY	10011	212-582-4976	212-934-5167	wkusko@yahoo.com	YES
SL:38	Delta Airlines	Bernardo	Figeroa	386 9th Ave N	Conroe	Montgomery	TX	77301	936-336-3951	936-597-3614	bfigeroa@aol.com	YES
SL:39	Delta Airlines	Ammie	Corrio	74874 Atlantic Ave	Columbus	Franklin	OH	43215	614-801-9788	614-648-3265	ammie@corrio.com	YES
SL:40	Delta Airlines	Francine	Vocelka	366 South Dr	Las Cruces	Dona Ana	NM	88011	505-977-3911	505-335-5293	francine_vocelka@vocelka.com	YES
SL:41	Delta Airlines	Ernie	Stenseth	45 E Liberty St	Ridgefield Park	Bergen	NJ	7660	201-709-6245	201-387-9093	ernie_stenseth@aol.com	YES
SL:42	Delta Airlines	Albina	Glick	4 Ralph Ct	Dunellen	Middlesex	NJ	8812	732-924-7882	732-782-6701	albina@glick.com	YES
SL:43	Delta Airlines	Alishia	Sergi	2742 Distribution Way	New York	New York	NY	10025	212-860-1579	212-753-2740	asergi@gmail.com	YES
SL:44	Delta Airlines	Solange	Shinko	426 Wolf St	Metairie	Jefferson	LA	70002	504-979-9175	504-265-8174	solange@shinko.com	YES
SL:45	Delta Airlines	Jose	Stockham	128 Bransten Rd	New York	New York	NY	10011	212-675-8570	212-569-4233	jose@yahoo.com	YES
SL:46	Delta Airlines	Rozella	Ostrosky	17 Morena Blvd	Camarillo	Ventura	CA	93012	805-832-6163	805-609-1531	rozella.ostrosky@ostrosky.com	YES
SL:47	Delta Airlines	Valentine	Gillian	775 W 17th St	San Antonio	Bexar	TX	78204	210-812-9597	210-300-6244	valentine_gillian@gmail.com	YES
SL:48	Delta Airlines	Kati	Rulapaugh	6980 Dorsett Rd	Abilene	Dickinson	KS	67410	785-463-7829	785-219-7724	kati.rulapaugh@hotmail.com	YES
SL:49	Delta Airlines	Youlanda	Schemmer	2881 Lewis Rd	Prineville	Crook	OR	97754	541-548-8197	541-993-2611	youlanda@aol.com	YES
SL:50	Delta Airlines	Dyan	Oldroyd	7219 Woodfield Rd	Overland Park	Johnson	KS	66204	913-413-4604	913-645-8918	doldroyd@aol.com	YES
SL:51	Delta Airlines	Roxane	Campain	1048 Main St	Fairbanks	Fairbanks North Star	AK	99708	907-231-4722	907-335-6568	roxane@hotmail.com	YES
SL:52	Delta Airlines	Lavera	Perin	678 3rd Ave	Miami	Miami-Dade	FL	33196	305-606-7291	305-995-2078	lperin@perin.org	YES
SL:53	Delta Airlines	Erick	Ferencz	20 S Babcock St	Fairbanks	Fairbanks North Star	AK	99712	907-741-1044	907-227-6777	erick.ferencz@aol.com	YES
SL:54	Delta Airlines	Fatima	Saylors	2 Lighthouse Ave	Hopkins	Hennepin	MN	55343	952-768-2416	952-479-2375	fsaylors@saylors.org	YES
SL:55	Delta Airlines	Jina	Briddick	38938 Park Blvd	Boston	Suffolk	MA	2128	617-399-5124	617-997-5771	jina_briddick@briddick.com	YES
SL:56	Delta Airlines	Kanisha	Waycott	5 Tomahawk Dr	Los Angeles	Los Angeles	CA	90006	323-453-2780	323-315-7314	kanisha_waycott@yahoo.com	YES
SL:57	Delta Airlines	Emerson	Bowley	762 S Main St	Madison	Dane	WI	53711	608-336-7444	608-658-7940	emerson.bowley@bowley.org	YES
SL:58	Delta Airlines	Blair	Malet	209 Decker Dr	Philadelphia	Philadelphia	PA	19132	215-907-9111	215-794-4519	bmalet@yahoo.com	YES
SL:59	Delta Airlines	Brock	Bolognia	4486 W O St #1	New York	New York	NY	10003	212-402-9216	212-617-5063	bbolognia@yahoo.com	YES
SL:60	Delta Airlines	Lorrie	Nestle	39 S 7th St	Tullahoma	Coffee	TN	37388	931-875-6644	931-303-6041	lnestle@hotmail.com	YES
SL:61	Delta Airlines	Sabra	Uyetake	98839 Hawthorne Blvd #6101	Columbia	Richland	SC	29201	803-925-5213	803-681-3678	sabra@uyetake.org	YES
SL:62	Delta Airlines	Marjory	Mastella	71 San Mateo Ave	Wayne	Delaware	PA	19087	610-814-5533	610-379-7125	mmastella@mastella.com	YES
SL:63	Delta Airlines	Karl	Klonowski	76 Brooks St #9	Flemington	Hunterdon	NJ	8822	908-877-6135	908-470-4661	karl_klonowski@yahoo.com	YES
SL:64	Delta Airlines	Tonette	Wenner	4545 Courthouse Rd	Westbury	Nassau	NY	11590	516-968-6051	516-333-4861	twenner@aol.com	YES
SL:65	Delta Airlines	Amber	Monarrez	14288 Foster Ave #4121	Jenkintown	Montgomery	PA	19046	215-934-8655	215-329-6386	amber_monarrez@monarrez.org	YES
SL:66	Air China	Shenika	Seewald	4 Otis St	Van Nuys	Los Angeles	CA	91405	818-423-4007	818-749-8650	shenika@gmail.com	YES
SL:67	Air China	Delmy	Ahle	65895 S 16th St	Providence	Providence	RI	2909	401-458-2547	401-559-8961	delmy.ahle@hotmail.com	YES
SL:68	Air China	Deeanna	Juhas	14302 Pennsylvania Ave	Huntingdon Valley	Montgomery	PA	19006	215-211-9589	215-417-9563	deeanna_juhas@gmail.com	YES
SL:69	Air China	Blondell	Pugh	201 Hawk Ct	Providence	Providence	RI	2904	401-960-8259	401-300-8122	bpugh@aol.com	YES
SL:70	Air China	Jamal	Vanausdal	53075 Sw 152nd Ter #615	Monroe Township	Middlesex	NJ	8831	732-234-1546	732-904-2931	jamal@vanausdal.org	YES
SL:71	Air China	Cecily	Hollack	59 N Groesbeck Hwy	Austin	Travis	TX	78731	512-486-3817	512-861-3814	cecily@hollack.org	YES
SL:72	Air China	Carmelina	Lindall	2664 Lewis Rd	Littleton	Douglas	CO	80126	303-724-7371	303-874-5160	carmelina_lindall@lindall.com	YES
SL:73	Air China	Maurine	Yglesias	59 Shady Ln #53	Milwaukee	Milwaukee	WI	53214	414-748-1374	414-573-7719	maurine_yglesias@yglesias.com	YES
SL:74	Hawaiian Airlines	Malinda	Hochard	55 Riverside Ave	Indianapolis	Marion	IN	46202	317-722-5066	317-472-2412	malinda.hochard@yahoo.com	YES
SL:75	Hawaiian Airlines	Natalie	Fern	7140 University Ave	Rock Springs	Sweetwater	WY	82901	307-704-8713	307-279-3793	natalie.fern@hotmail.com	YES
SL:76	Hawaiian Airlines	Lisha	Centini	64 5th Ave #1153	Mc Lean	Fairfax	VA	22102	703-235-3937	703-475-7568	lisha@centini.org	YES
SL:77	Hawaiian Airlines	Arlene	Klusman	3 Secor Rd	New Orleans	Orleans	LA	70112	504-710-5840	504-946-1807	arlene_klusman@gmail.com	YES
SL:78	Hawaiian Airlines	Alease	Buemi	4 Webbs Chapel Rd	Boulder	Boulder	CO	80303	303-301-4946	303-521-9860	alease@buemi.com	YES
SL:79	Hawaiian Airlines	Louisa	Cronauer	524 Louisiana Ave Nw	San Leandro	Alameda	CA	94577	510-828-7047	510-472-7758	louisa@cronauer.com	YES
SL:80	Hawaiian Airlines	Angella	Cetta	185 Blackstone Bldge	Honolulu	Honolulu	HI	96817	808-892-7943	808-475-2310	angella.cetta@hotmail.com	YES
SL:81	Hawaiian Airlines	Cyndy	Goldammer	170 Wyoming Ave	Burnsville	Dakota	MN	55337	952-334-9408	952-938-9457	cgoldammer@cox.net	YES
SL:82	Hawaiian Airlines	Rosio	Cork	4 10th St W	High Point	Guilford	NC	27263	336-243-5659	336-497-4407	rosio.cork@gmail.com	YES
SL:83	Hawaiian Airlines	Celeste	Korando	7 W Pinhook Rd	Lynbrook	Nassau	NY	11563	516-509-2347	516-365-7266	ckorando@hotmail.com	YES
SL:84	Hawaiian Airlines	Twana	Felger	1 Commerce Way	Portland	Washington	OR	97224	503-939-3153	503-909-7167	twana.felger@felger.org	YES
SL:85	Hawaiian Airlines	Estrella	Samu	64 Lakeview Ave	Beloit	Rock	WI	53511	608-976-7199	608-942-8836	estrella@aol.com	YES
SL:86	Hawaiian Airlines	Donte	Kines	3 Aspen St	Worcester	Worcester	MA	1602	508-429-8576	508-843-1426	dkines@hotmail.com	YES
SL:87	Hawaiian Airlines	Tiffiny	Steffensmeier	32860 Sierra Rd	Miami	Miami-Dade	FL	33133	305-385-9695	305-304-6573	tiffiny_steffensmeier@cox.net	YES
SL:88	Hawaiian Airlines	Edna	Miceli	555 Main St	Erie	Erie	PA	16502	814-460-2655	814-299-2877	emiceli@miceli.org	YES
SL:89	Hawaiian Airlines	Sue	Kownacki	2 Se 3rd Ave	Mesquite	Dallas	TX	75149	972-666-3413	972-742-4000	sue@aol.com	YES
SL:90	Hawaiian Airlines	Jesusa	Shin	2239 Shawnee Mission Pky	Tullahoma	Coffee	TN	37388	931-273-8709	931-739-1551	jshin@shin.com	YES
SL:91	Hawaiian Airlines	Rolland	Francescon	2726 Charcot Ave	Paterson	Passaic	NJ	7501	973-649-2922	973-284-4048	rolland@cox.net	YES
SL:92	Hawaiian Airlines	Malinda	Hochard	55 Riverside Ave	Indianapolis	Marion	IN	46202	317-722-5066	317-472-2412	malinda.hochard@yahoo.com	YES
SL:93	Hawaiian Airlines	Natalie	Fern	7140 University Ave	Rock Springs	Sweetwater	WY	82901	307-704-8713	307-279-3793	natalie.fern@hotmail.com	YES
SL:94	Hawaiian Airlines	Lisha	Centini	64 5th Ave #1153	Mc Lean	Fairfax	VA	22102	703-235-3937	703-475-7568	lisha@centini.org	YES
SL:95	Hawaiian Airlines	Arlene	Klusman	3 Secor Rd	New Orleans	Orleans	LA	70112	504-710-5840	504-946-1807	arlene_klusman@gmail.com	YES
SL:96	Hawaiian Airlines	Alease	Buemi	4 Webbs Chapel Rd	Boulder	Boulder	CO	80303	303-301-4946	303-521-9860	alease@buemi.com	YES
SL:97	Hawaiian Airlines	Louisa	Cronauer	524 Louisiana Ave Nw	San Leandro	Alameda	CA	94577	510-828-7047	510-472-7758	louisa@cronauer.com	YES
SL:98	Hawaiian Airlines	Angella	Cetta	185 Blackstone Bldge	Honolulu	Honolulu	HI	96817	808-892-7943	808-475-2310	angella.cetta@hotmail.com	YES
SL:99	Hawaiian Airlines	Cyndy	Goldammer	170 Wyoming Ave	Burnsville	Dakota	MN	55337	952-334-9408	952-938-9457	cgoldammer@cox.net	YES
SL:100	JetBlue	Penney	Weight	18 Fountain St	Anchorage	Anchorage	AK	99515	907-797-9628	907-873-2882	penney_weight@aol.com	YES
SL:101	JetBlue	Malinda	Hochard	55 Riverside Ave	Indianapolis	Marion	IN	46202	317-722-5066	317-472-2412	malinda.hochard@yahoo.com	YES
SL:102	JetBlue	Natalie	Fern	7140 University Ave	Rock Springs	Sweetwater	WY	82901	307-704-8713	307-279-3793	natalie.fern@hotmail.com	YES
SL:103	JetBlue	Lisha	Centini	64 5th Ave #1153	Mc Lean	Fairfax	VA	22102	703-235-3937	703-475-7568	lisha@centini.org	YES
SL:104	JetBlue	Arlene	Klusman	3 Secor Rd	New Orleans	Orleans	LA	70112	504-710-5840	504-946-1807	arlene_klusman@gmail.com	YES
SL:105	JetBlue	Alease	Buemi	4 Webbs Chapel Rd	Boulder	Boulder	CO	80303	303-301-4946	303-521-9860	alease@buemi.com	YES
SL:106	JetBlue	Louisa	Cronauer	524 Louisiana Ave Nw	San Leandro	Alameda	CA	94577	510-828-7047	510-472-7758	louisa@cronauer.com	YES
SL:107	JetBlue	Angella	Cetta	185 Blackstone Bldge	Honolulu	Honolulu	HI	96817	808-892-7943	808-475-2310	angella.cetta@hotmail.com	YES
SL:108	JetBlue	Cyndy	Goldammer	170 Wyoming Ave	Burnsville	Dakota	MN	55337	952-334-9408	952-938-9457	cgoldammer@cox.net	YES
SL:109	JetBlue	Rosio	Cork	4 10th St W	High Point	Guilford	NC	27263	336-243-5659	336-497-4407	rosio.cork@gmail.com	YES
SL:110	JetBlue	Celeste	Korando	7 W Pinhook Rd	Lynbrook	Nassau	NY	11563	516-509-2347	516-365-7266	ckorando@hotmail.com	YES
SL:111	JetBlue	Twana	Felger	1 Commerce Way	Portland	Washington	OR	97224	503-939-3153	503-909-7167	twana.felger@felger.org	YES
SL:112	JetBlue	Estrella	Samu	64 Lakeview Ave	Beloit	Rock	WI	53511	608-976-7199	608-942-8836	estrella@aol.com	YES
SL:113	JetBlue	Donte	Kines	3 Aspen St	Worcester	Worcester	MA	1602	508-429-8576	508-843-1426	dkines@hotmail.com	YES
SL:114	JetBlue	Tiffiny	Steffensmeier	32860 Sierra Rd	Miami	Miami-Dade	FL	33133	305-385-9695	305-304-6573	tiffiny_steffensmeier@cox.net	YES
SL:115	JetBlue	Edna	Miceli	555 Main St	Erie	Erie	PA	16502	814-460-2655	814-299-2877	emiceli@miceli.org	YES
SL:116	JetBlue	Sue	Kownacki	2 Se 3rd Ave	Mesquite	Dallas	TX	75149	972-666-3413	972-742-4000	sue@aol.com	YES
SL:117	JetBlue	Jesusa	Shin	2239 Shawnee Mission Pky	Tullahoma	Coffee	TN	37388	931-273-8709	931-739-1551	jshin@shin.com	YES
SL:118	JetBlue	Rolland	Francescon	2726 Charcot Ave	Paterson	Passaic	NJ	7501	973-649-2922	973-284-4048	rolland@cox.net	YES
SL:119	JetBlue	Pamella	Schmierer	5161 Dorsett Rd	Homestead	Miami-Dade	FL	33030	305-420-8970	305-575-8481	pamella.schmierer@schmierer.org	YES
SL:120	JetBlue	Glory	Kulzer	55892 Jacksonville Rd	Owings Mills	Baltimore	MD	21117	410-224-9462	410-916-8015	gkulzer@kulzer.org	YES
SL:121	JetBlue	Shawna	Palaspas	5 N Cleveland Massillon Rd	Thousand Oaks	Ventura	CA	91362	805-275-3566	805-638-6617	shawna_palaspas@palaspas.org	YES
SL:122	KLM Royal dutch	Brandon	Callaro	7 Benton Dr	Honolulu	Honolulu	HI	96819	808-215-6832	808-240-5168	brandon_callaro@hotmail.com	YES
SL:123	KLM Royal dutch	Scarlet	Cartan	9390 S Howell Ave	Albany	Dougherty	GA	31701	229-735-3378	229-365-9658	scarlet.cartan@yahoo.com	YES
SL:124	KLM Royal dutch	Oretha	Menter	8 County Center Dr #647	Boston	Suffolk	MA	2210	617-418-5043	617-697-6024	oretha_menter@yahoo.com	YES
SL:125	KLM Royal dutch	Ty	Smith	4646 Kaahumanu St	Hackensack	Bergen	NJ	7601	201-672-1553	201-995-3149	tsmith@aol.com	YES
SL:126	KLM Royal dutch	Xuan	Rochin	2 Monroe St	San Mateo	San Mateo	CA	94403	650-933-5072	650-247-2625	xuan@gmail.com	YES
SL:127	KLM Royal dutch	Lindsey	Dilello	52777 Leaders Heights Rd	Ontario	San Bernardino	CA	91761	909-639-9887	909-589-1693	lindsey.dilello@hotmail.com	YES
SL:128	KLM Royal dutch	Devora	Perez	72868 Blackington Ave	Oakland	Alameda	CA	94606	510-955-3016	510-755-9274	devora_perez@perez.org	YES
SL:129	KLM Royal dutch	Herman	Demesa	9 Norristown Rd	Troy	Rensselaer	NY	12180	518-497-2940	518-931-7852	hdemesa@cox.net	YES
SL:130	KLM Royal dutch	Rory	Papasergi	83 County Road 437 #8581	Clarks Summit	Lackawanna	PA	18411	570-867-7489	570-469-8401	rpapasergi@cox.net	YES
SL:131	KLM Royal dutch	Talia	Riopelle	1 N Harlem Ave #9	Orange	Essex	NJ	7050	973-245-2133	973-818-9788	talia_riopelle@aol.com	YES
SL:132	United Airlines	Van	Shire	90131 J St	Pittstown	Hunterdon	NJ	8867	908-409-2890	908-448-1209	van.shire@shire.com	YES
SL:133	United Airlines	Lucina	Lary	8597 W National Ave	Cocoa	Brevard	FL	32922	321-749-4981	321-632-4668	lucina_lary@cox.net	YES
SL:134	United Airlines	Bok	Isaacs	6 Gilson St	Bronx	Bronx	NY	10468	718-809-3762	718-478-8568	bok.isaacs@aol.com	YES
SL:135	United Airlines	Rolande	Spickerman	65 W Maple Ave	Pearl City	Honolulu	HI	96782	808-315-3077	808-526-5863	rolande.spickerman@spickerman.com	YES
SL:136	United Airlines	Howard	Paulas	866 34th Ave	Denver	Denver	CO	80231	303-623-4241	303-692-3118	hpaulas@gmail.com	YES
SL:137	United Airlines	Kimbery	Madarang	798 Lund Farm Way	Rockaway	Morris	NJ	7866	973-310-1634	973-225-6259	kimbery_madarang@cox.net	YES
SL:138	United Airlines	Thurman	Manno	9387 Charcot Ave	Absecon	Atlantic	NJ	8201	609-524-3586	609-234-8376	thurman.manno@yahoo.com	YES
SL:139	United Airlines	Becky	Mirafuentes	30553 Washington Rd	Plainfield	Union	NJ	7062	908-877-8409	908-426-8272	becky.mirafuentes@mirafuentes.com	YES
SL:140	United Airlines	Beatriz	Corrington	481 W Lemon St	Middleboro	Plymouth	MA	2346	508-584-4279	508-315-3867	beatriz@yahoo.com	YES
SL:141	United Airlines	Marti	Maybury	4 Warehouse Point Rd #7	Chicago	Cook	IL	60638	773-775-4522	773-539-1058	marti.maybury@yahoo.com	YES
SL:142	United Airlines	Malinda	Hochard	55 Riverside Ave	Indianapolis	Marion	IN	46202	317-722-5066	317-472-2412	malinda.hochard@yahoo.com	YES
SL:143	Korean Air	Natalie	Fern	7140 University Ave	Rock Springs	Sweetwater	WY	82901	307-704-8713	307-279-3793	natalie.fern@hotmail.com	YES
SL:144	Korean Air	Lisha	Centini	64 5th Ave #1153	Mc Lean	Fairfax	VA	22102	703-235-3937	703-475-7568	lisha@centini.org	YES
SL:145	Korean Air	Arlene	Klusman	3 Secor Rd	New Orleans	Orleans	LA	70112	504-710-5840	504-946-1807	arlene_klusman@gmail.com	YES
SL:146	Korean Air	Alease	Buemi	4 Webbs Chapel Rd	Boulder	Boulder	CO	80303	303-301-4946	303-521-9860	alease@buemi.com	YES
SL:147	Fiji Airways	Louisa	Cronauer	524 Louisiana Ave Nw	San Leandro	Alameda	CA	94577	510-828-7047	510-472-7758	louisa@cronauer.com	YES
SL:148	Fiji Airways	Angella	Cetta	185 Blackstone Bldge	Honolulu	Honolulu	HI	96817	808-892-7943	808-475-2310	angella.cetta@hotmail.com	YES
SL:149	Fiji Airways	Cyndy	Goldammer	170 Wyoming Ave	Burnsville	Dakota	MN	55337	952-334-9408	952-938-9457	cgoldammer@cox.net	YES
SL:150	Fiji Airways	Rosio	Cork	4 10th St W	High Point	Guilford	NC	27263	336-243-5659	336-497-4407	rosio.cork@gmail.com	YES
SL:151	Fiji Airways	Celeste	Korando	7 W Pinhook Rd	Lynbrook	Nassau	NY	11563	516-509-2347	516-365-7266	ckorando@hotmail.com	YES
SL:152	Fiji Airways	Twana	Felger	1 Commerce Way	Portland	Washington	OR	97224	503-939-3153	503-909-7167	twana.felger@felger.org	YES
SL:153	Fiji Airways	Estrella	Samu	64 Lakeview Ave	Beloit	Rock	WI	53511	608-976-7199	608-942-8836	estrella@aol.com	YES
SL:154	Fiji Airways	Donte	Kines	3 Aspen St	Worcester	Worcester	MA	1602	508-429-8576	508-843-1426	dkines@hotmail.com	YES
SL:155	Fiji Airways	Tiffiny	Steffensmeier	32860 Sierra Rd	Miami	Miami-Dade	FL	33133	305-385-9695	305-304-6573	tiffiny_steffensmeier@cox.net	YES
SL:156	British Airways	Edna	Miceli	555 Main St	Erie	Erie	PA	16502	814-460-2655	814-299-2877	emiceli@miceli.org	YES
SL:157	British Airways	Sue	Kownacki	2 Se 3rd Ave	Mesquite	Dallas	TX	75149	972-666-3413	972-742-4000	sue@aol.com	YES
SL:158	British Airways	Jesusa	Shin	2239 Shawnee Mission Pky	Tullahoma	Coffee	TN	37388	931-273-8709	931-739-1551	jshin@shin.com	YES
SL:159	British Airways	Bulah	Padilla	8927 Vandever Ave	Waco	McLennan	TX	76707	254-463-4368	254-816-8417	bulah_padilla@hotmail.com	YES
SL:160	British Airways	Audra	Kohnert	134 Lewis Rd	Nashville	Davidson	TN	37211	615-406-7854	615-448-9249	audra@kohnert.com	YES
SL:161	British Airways	Daren	Weirather	9 N College Ave #3	Milwaukee	Milwaukee	WI	53216	414-959-2540	414-838-3151	dweirather@aol.com	YES
SL:162	Finnair	Fernanda	Jillson	60480 Old Us Highway 51	Preston	Caroline	MD	21655	410-387-5260	410-724-6472	fjillson@aol.com	YES
SL:163	Finnair	Gearldine	Gellinger	4 Bloomfield Ave	Irving	Dallas	TX	75061	972-934-6914	972-821-7118	gearldine_gellinger@gellinger.com	YES
SL:164	Finnair	Chau	Kitzman	429 Tiger Ln	Beverly Hills	Los Angeles	CA	90212	310-560-8022	310-969-7230	chau@gmail.com	YES
SL:165	Finnair	Theola	Frey	54169 N Main St	Massapequa	Nassau	NY	11758	516-948-5768	516-357-3362	theola_frey@frey.com	YES
SL:166	Finnair	Cheryl	Haroldson	92 Main St	Atlantic City	Atlantic	NJ	8401	609-518-7697	609-263-9243	cheryl@haroldson.org	YES
SL:167	Virgin	Laticia	Merced	72 Mannix Dr	Cincinnati	Hamilton	OH	45203	513-508-7371	513-418-1566	lmerced@gmail.com	YES
SL:168	Virgin	Carissa	Batman	12270 Caton Center Dr	Eugene	Lane	OR	97401	541-326-4074	541-801-5717	carissa.batman@yahoo.com	YES
SL:169	Virgin	Lezlie	Craghead	749 W 18th St #45	Smithfield	Johnston	NC	27577	919-533-3762	919-885-2453	lezlie.craghead@craghead.org	YES
SL:170	Virgin	Talia	Riopelle	1 N Harlem Ave #9	Orange	Essex	NJ	7050	973-245-2133	973-818-9788	talia_riopelle@aol.com	YES
SL:171	Virgin	Van	Shire	90131 J St	Pittstown	Hunterdon	NJ	8867	908-409-2890	908-448-1209	van.shire@shire.com	YES
SL:172	Virgin	Malinda	Hochard	55 Riverside Ave	Indianapolis	Marion	IN	46202	317-722-5066	317-472-2412	malinda.hochard@yahoo.com	YES
SL:173	Asian Airline	Natalie	Fern	7140 University Ave	Rock Springs	Sweetwater	WY	82901	307-704-8713	307-279-3793	natalie.fern@hotmail.com	YES
SL:174	Asian Airline	Lisha	Centini	64 5th Ave #1153	Mc Lean	Fairfax	VA	22102	703-235-3937	703-475-7568	lisha@centini.org	YES
SL:175	Asian Airline	Arlene	Klusman	3 Secor Rd	New Orleans	Orleans	LA	70112	504-710-5840	504-946-1807	arlene_klusman@gmail.com	YES
SL:176	Asian Airline	Alease	Buemi	4 Webbs Chapel Rd	Boulder	Boulder	CO	80303	303-301-4946	303-521-9860	alease@buemi.com	YES
SL:177	Asian Airline	Louisa	Cronauer	524 Louisiana Ave Nw	San Leandro	Alameda	CA	94577	510-828-7047	510-472-7758	louisa@cronauer.com	YES
SL:178	Asian Airline	Angella	Cetta	185 Blackstone Bldge	Honolulu	Honolulu	HI	96817	808-892-7943	808-475-2310	angella.cetta@hotmail.com	YES
SL:179	Asian Airline	Cyndy	Goldammer	170 Wyoming Ave	Burnsville	Dakota	MN	55337	952-334-9408	952-938-9457	cgoldammer@cox.net	YES
SL:180	Asian Airline	Rosio	Cork	4 10th St W	High Point	Guilford	NC	27263	336-243-5659	336-497-4407	rosio.cork@gmail.com	YES
SL:181	Asian Airline	Celeste	Korando	7 W Pinhook Rd	Lynbrook	Nassau	NY	11563	516-509-2347	516-365-7266	ckorando@hotmail.com	YES
SL:182	Asian Airline	Twana	Felger	1 Commerce Way	Portland	Washington	OR	97224	503-939-3153	503-909-7167	twana.felger@felger.org	YES
SL:183	Asian Airline	Estrella	Samu	64 Lakeview Ave	Beloit	Rock	WI	53511	608-976-7199	608-942-8836	estrella@aol.com	YES
SL:184	Asian Airline	Donte	Kines	3 Aspen St	Worcester	Worcester	MA	1602	508-429-8576	508-843-1426	dkines@hotmail.com	YES
SL:185	China Eastern	Tiffiny	Steffensmeier	32860 Sierra Rd	Miami	Miami-Dade	FL	33133	305-385-9695	305-304-6573	tiffiny_steffensmeier@cox.net	YES
SL:186	China Eastern	Edna	Miceli	555 Main St	Erie	Erie	PA	16502	814-460-2655	814-299-2877	emiceli@miceli.org	YES
SL:187	China Eastern	Sue	Kownacki	2 Se 3rd Ave	Mesquite	Dallas	TX	75149	972-666-3413	972-742-4000	sue@aol.com	YES
SL:188	China Eastern	Jesusa	Shin	2239 Shawnee Mission Pky	Tullahoma	Coffee	TN	37388	931-273-8709	931-739-1551	jshin@shin.com	YES
SL:189	China Eastern	Rolland	Francescon	2726 Charcot Ave	Paterson	Passaic	NJ	7501	973-649-2922	973-284-4048	rolland@cox.net	YES
SL:190	China Eastern	Pamella	Schmierer	5161 Dorsett Rd	Homestead	Miami-Dade	FL	33030	305-420-8970	305-575-8481	pamella.schmierer@schmierer.org	YES
SL:191	China Eastern	Glory	Kulzer	55892 Jacksonville Rd	Owings Mills	Baltimore	MD	21117	410-224-9462	410-916-8015	gkulzer@kulzer.org	YES
SL:192	China Eastern	Shawna	Palaspas	5 N Cleveland Massillon Rd	Thousand Oaks	Ventura	CA	91362	805-275-3566	805-638-6617	shawna_palaspas@palaspas.org	YES
SL:193	China Eastern	Brandon	Callaro	7 Benton Dr	Honolulu	Honolulu	HI	96819	808-215-6832	808-240-5168	brandon_callaro@hotmail.com	YES
SL:194	China Eastern	Scarlet	Cartan	9390 S Howell Ave	Albany	Dougherty	GA	31701	229-735-3378	229-365-9658	scarlet.cartan@yahoo.com	YES
SL:195	China Southern	Oretha	Menter	8 County Center Dr #647	Boston	Suffolk	MA	2210	617-418-5043	617-697-6024	oretha_menter@yahoo.com	YES
SL:196	China Southern	Ty	Smith	4646 Kaahumanu St	Hackensack	Bergen	NJ	7601	201-672-1553	201-995-3149	tsmith@aol.com	YES
SL:197	China Southern	Xuan	Rochin	2 Monroe St	San Mateo	San Mateo	CA	94403	650-933-5072	650-247-2625	xuan@gmail.com	YES
SL:198	China Southern	Lindsey	Dilello	52777 Leaders Heights Rd	Ontario	San Bernardino	CA	91761	909-639-9887	909-589-1693	lindsey.dilello@hotmail.com	YES
SL:199	China Southern	Devora	Perez	72868 Blackington Ave	Oakland	Alameda	CA	94606	510-955-3016	510-755-9274	devora_perez@perez.org	YES
SL:200	China Southern	Herman	Demesa	9 Norristown Rd	Troy	Rensselaer	NY	12180	518-497-2940	518-931-7852	hdemesa@cox.net	YES
SL:201	China Southern	Rory	Papasergi	83 County Road 437 #8581	Clarks Summit	Lackawanna	PA	18411	570-867-7489	570-469-8401	rpapasergi@cox.net	YES